Date,Close
2013-01-01,2308.85
2013-01-02,2309.2
2013-01-03,2337.9
2013-01-04,2349.55
2013-01-07,2374.8
2013-01-08,2344.0
2013-01-09,2331.0
2013-01-10,2322.3
2013-01-11,2712.1
2013-01-14,2806.5
2013-01-15,2787.05
2013-01-16,2767.45
2013-01-17,2797.95
2013-01-18,2788.05
2013-01-21,2796.3
2013-01-22,2783.55
2013-01-23,2789.6
2013-01-24,2798.2
2013-01-25,2814.65
2013-01-28,2810.65
2013-01-29,2799.0
2013-01-30,2790.65
2013-01-31,2789.5
2013-02-01,2770.95
2013-02-04,2767.6
2013-02-05,2755.9
2013-02-06,2776.0
2013-02-07,2789.5
2013-02-08,2789.45
2013-02-11,2792.05
2013-02-12,2755.25
2013-02-13,2789.55
2013-02-14,2812.75
2013-02-15,2788.6
2013-02-18,2780.1
2013-02-19,2820.45
2013-02-20,2819.45
2013-02-21,2807.8
2013-02-22,2840.55
2013-02-25,2917.8
2013-02-26,2959.8
2013-02-27,2910.55
2013-02-28,2907.0
2013-03-01,2913.8
2013-03-04,2903.45
2013-03-05,2921.3
2013-03-06,2970.1
2013-03-07,3004.35
2013-03-08,2970.25
2013-03-11,2945.75
2013-03-12,2918.1
2013-03-13,2863.45
2013-03-14,2874.1
2013-03-15,2878.25
2013-03-18,2860.75
2013-03-19,2856.0
2013-03-20,2865.65
2013-03-21,2872.8
2013-03-22,2863.2
2013-03-25,2852.75
2013-03-26,2854.55
2013-03-28,2889.35
2013-04-01,2944.2
2013-04-02,2969.05
2013-04-03,2968.45
2013-04-04,2880.05
2013-04-05,2865.85
2013-04-08,2831.9
2013-04-09,2766.35
2013-04-10,2815.65
2013-04-11,2916.7
2013-04-12,2296.65
2013-04-15,2339.05
2013-04-16,2296.25
2013-04-17,2283.85
2013-04-18,2295.7
2013-04-22,2244.55
2013-04-23,2262.25
2013-04-25,2227.7
2013-04-26,2212.0
2013-04-29,2229.3
2013-04-30,2235.45
2013-05-02,2286.7
2013-05-03,2307.95
2013-05-06,2341.1
2013-05-07,2348.8
2013-05-08,2350.65
2013-05-09,2361.4
2013-05-10,2371.55
2013-05-11,2361.95
2013-05-13,2339.6
2013-05-14,2350.05
2013-05-15,2360.45
2013-05-16,2332.6
2013-05-17,2351.75
2013-05-20,2372.05
2013-05-21,2397.6
2013-05-22,2385.3
2013-05-23,2359.85
2013-05-24,2347.9
2013-05-27,2372.7
2013-05-28,2366.2
2013-05-29,2352.4
2013-05-30,2341.45
2013-05-31,2411.7
2013-06-03,2514.1
2013-06-04,2495.9
2013-06-05,2461.25
2013-06-06,2429.65
2013-06-07,2446.8
2013-06-10,2486.75
2013-06-11,2475.5
2013-06-12,2421.35
2013-06-13,2379.9
2013-06-14,2394.95
2013-06-17,2422.6
2013-06-18,2446.55
2013-06-19,2438.35
2013-06-20,2369.1
2013-06-21,2418.75
2013-06-24,2380.4
2013-06-25,2373.9
2013-06-26,2399.4
2013-06-27,2482.8
2013-06-28,2498.85
2013-07-01,2451.0
2013-07-02,2403.95
2013-07-03,2404.5
2013-07-04,2468.0
2013-07-05,2456.2
2013-07-08,2468.15
2013-07-09,2498.2
2013-07-10,2501.15
2013-07-11,2528.35
2013-07-12,2804.2
2013-07-15,2742.7
2013-07-16,2728.8
2013-07-17,2750.85
2013-07-18,2800.75
2013-07-19,2847.45
2013-07-22,2876.75
2013-07-23,2901.95
2013-07-24,2908.6
2013-07-25,2915.3
2013-07-26,2913.3
2013-07-29,2921.2
2013-07-30,2955.7
2013-07-31,2969.65
2013-08-01,2974.65
2013-08-02,3008.8
2013-08-05,3009.05
2013-08-06,2987.35
2013-08-07,2963.35
2013-08-08,2964.55
2013-08-12,3005.4
2013-08-13,3083.6
2013-08-14,3069.65
2013-08-16,2978.4
2013-08-19,3005.0
2013-08-20,3006.65
2013-08-21,2958.75
2013-08-22,3020.2
2013-08-23,3000.7
2013-08-26,3030.7
2013-08-27,3056.05
2013-08-28,3116.25
2013-08-29,3104.6
2013-08-30,3105.85
2013-09-02,3085.9
2013-09-03,3033.7
2013-09-04,3112.7
2013-09-05,3004.8
2013-09-06,3029.05
2013-09-10,3158.9
2013-09-11,3119.1
2013-09-12,3065.85
2013-09-13,3028.05
2013-09-16,2993.4
2013-09-17,3022.6
2013-09-18,3017.15
2013-09-19,3019.0
2013-09-20,2995.15
2013-09-23,3019.4
2013-09-24,3015.1
2013-09-25,3009.65
2013-09-26,3012.3
2013-09-27,3006.6
2013-09-30,3013.0
2013-10-01,3015.0
2013-10-03,3037.15
2013-10-04,3016.4
2013-10-07,3021.85
2013-10-08,3034.15
2013-10-09,3109.85
2013-10-10,3127.6
2013-10-11,3274.5
2013-10-14,3324.35
2013-10-15,3354.8
2013-10-17,3268.5
2013-10-18,3314.55
2013-10-21,3335.45
2013-10-22,3342.35
2013-10-23,3324.8
2013-10-24,3308.75
2013-10-25,3331.55
2013-10-28,3323.45
2013-10-29,3335.6
2013-10-30,3323.9
2013-10-31,3309.9
2013-11-01,3276.7
2013-11-03,3279.4
2013-11-05,3265.85
2013-11-06,3306.15
2013-11-07,3357.6
2013-11-08,3360.05
2013-11-11,3362.6
2013-11-12,3336.85
2013-11-13,3332.05
2013-11-14,3354.25
2013-11-18,3404.1
2013-11-19,3442.95
2013-11-20,3402.2
2013-11-21,3344.35
2013-11-22,3347.6
2013-11-25,3326.0
2013-11-26,3316.2
2013-11-27,3293.3
2013-11-28,3327.8
2013-11-29,3354.55
2013-12-02,3338.7
2013-12-03,3348.75
2013-12-04,3365.35
2013-12-05,3351.3
2013-12-06,3325.8
2013-12-09,3338.8
2013-12-10,3370.85
2013-12-11,3374.35
2013-12-12,3363.85
2013-12-13,3373.85
2013-12-16,3452.25
2013-12-17,3456.35
2013-12-18,3457.45
2013-12-19,3512.25
2013-12-20,3551.35
2013-12-23,3468.45
2013-12-24,3486.4
2013-12-26,3520.65
2013-12-27,3561.3
2013-12-30,3502.35
2013-12-31,3485.65
2014-01-01,3468.0
2014-01-02,3480.55
2014-01-03,3565.15
2014-01-06,3517.9
2014-01-07,3457.15
2014-01-08,3428.1
2014-01-09,3450.8
2014-01-10,3551.25
2014-01-13,3665.0
2014-01-14,3686.75
2014-01-15,3712.05
2014-01-16,3725.05
2014-01-17,3729.75
2014-01-20,3749.3
2014-01-21,3758.35
2014-01-22,3765.9
2014-01-23,3792.5
2014-01-24,3758.15
2014-01-27,3732.2
2014-01-28,3675.1
2014-01-29,3717.8
2014-01-30,3704.25
2014-01-31,3701.1
2014-02-03,3629.15
2014-02-04,3561.1
2014-02-05,3581.25
2014-02-06,3563.7
2014-02-07,3566.55
2014-02-10,3573.8
2014-02-11,3596.25
2014-02-12,3600.1
2014-02-13,3585.8
2014-02-14,3644.3
2014-02-17,3658.15
2014-02-18,3682.0
2014-02-19,3753.4
2014-02-20,3711.25
2014-02-21,3750.7
2014-02-24,3749.9
2014-02-25,3782.9
2014-02-26,3807.5
2014-02-28,3824.85
2014-03-03,3798.25
2014-03-04,3799.55
2014-03-05,3821.7
2014-03-06,3831.9
2014-03-07,3740.3
2014-03-10,3671.6
2014-03-11,3675.35
2014-03-12,3671.3
2014-03-13,3357.6
2014-03-14,3394.15
2014-03-18,3350.55
2014-03-19,3271.75
2014-03-20,3303.05
2014-03-21,3305.65
2014-03-22,3296.05
2014-03-24,3275.8
2014-03-25,3254.4
2014-03-26,3248.9
2014-03-27,3231.05
2014-03-28,3262.6
2014-03-31,3282.8
2014-04-01,3313.95
2014-04-02,3322.05
2014-04-03,3338.15
2014-04-04,3316.05
2014-04-07,3293.4
2014-04-09,3254.55
2014-04-10,3201.2
2014-04-11,3235.15
2014-04-15,3259.8
2014-04-16,3157.3
2014-04-17,3192.05
2014-04-21,3182.95
2014-04-22,3150.65
2014-04-23,3172.65
2014-04-25,3175.6
2014-04-28,3178.05
2014-04-29,3177.75
2014-04-30,3180.8
2014-05-02,3219.7
2014-05-05,3176.9
2014-05-06,3165.15
2014-05-07,3067.35
2014-05-08,3065.3
2014-05-09,3111.45
2014-05-12,3175.1
2014-05-13,3265.25
2014-05-14,3254.1
2014-05-15,3272.45
2014-05-16,3177.55
2014-05-19,3015.05
2014-05-20,3122.2
2014-05-21,3157.1
2014-05-22,3113.9
2014-05-23,3069.55
2014-05-26,3094.85
2014-05-27,3134.05
2014-05-28,3173.3
2014-05-29,2924.5
2014-05-30,2939.4
2014-06-02,2993.15
2014-06-03,3017.2
2014-06-04,2984.5
2014-06-05,3041.15
2014-06-06,3003.05
2014-06-09,2986.45
2014-06-10,3075.15
2014-06-11,3193.35
2014-06-12,3175.05
2014-06-13,3187.0
2014-06-16,3244.15
2014-06-17,3246.85
2014-06-18,3240.5
2014-06-19,3311.9
2014-06-20,3316.6
2014-06-23,3232.55
2014-06-24,3203.8
2014-06-25,3211.25
2014-06-26,3182.5
2014-06-27,3223.4
2014-06-30,3255.55
2014-07-01,3221.05
2014-07-02,3215.3
2014-07-03,3210.7
2014-07-04,3245.95
2014-07-07,3345.45
2014-07-08,3342.15
2014-07-09,3310.35
2014-07-10,3292.7
2014-07-11,3326.65
2014-07-14,3225.25
2014-07-15,3225.65
2014-07-16,3229.6
2014-07-17,3239.3
2014-07-18,3251.55
2014-07-21,3200.7
2014-07-22,3233.7
2014-07-23,3349.45
2014-07-24,3382.25
2014-07-25,3352.2
2014-07-28,3371.1
2014-07-30,3372.2
2014-07-31,3367.65
2014-08-01,3341.3
2014-08-04,3465.55
2014-08-05,3513.0
2014-08-06,3575.85
2014-08-07,3507.35
2014-08-08,3482.65
2014-08-11,3573.5
2014-08-12,3576.8
2014-08-13,3608.4
2014-08-14,3612.55
2014-08-18,3559.8
2014-08-19,3547.8
2014-08-20,3554.55
2014-08-21,3548.95
2014-08-22,3601.0
2014-08-25,3627.8
2014-08-26,3624.15
2014-08-27,3630.55
2014-08-28,3598.8
2014-09-01,3599.65
2014-09-02,3613.75
2014-09-03,3734.25
2014-09-04,3708.75
2014-09-05,3730.75
2014-09-08,3781.65
2014-09-09,3736.05
2014-09-10,3667.3
2014-09-11,3684.15
2014-09-12,3669.9
2014-09-15,3641.3
2014-09-16,3651.25
2014-09-17,3741.05
2014-09-18,3697.0
2014-09-19,3702.05
2014-09-22,3650.6
2014-09-23,3607.1
2014-09-24,3644.8
2014-09-25,3691.0
2014-09-26,3680.15
2014-09-29,3749.05
2014-09-30,3747.75
2014-10-01,3847.3
2014-10-07,3831.3
2014-10-08,3650.15
2014-10-09,3646.8
2014-10-10,3888.65
2014-10-13,3942.55
2014-10-14,3918.3
2014-10-16,3865.3
2014-10-17,3851.65
2014-10-20,3812.35
2014-10-21,3772.95
2014-10-22,3796.05
2014-10-23,3805.05
2014-10-27,3803.05
2014-10-28,3788.25
2014-10-29,3881.45
2014-10-30,3946.55
2014-10-31,4051.25
2014-11-03,4085.9
2014-11-05,4124.8
2014-11-07,4166.6
2014-11-10,4165.5
2014-11-11,4125.2
2014-11-12,4106.0
2014-11-13,4178.6
2014-11-14,4191.65
2014-11-17,4218.45
2014-11-18,4182.35
2014-11-19,4173.35
2014-11-20,4225.6
2014-11-21,4146.15
2014-11-24,4275.1
2014-11-25,4303.2
2014-11-26,4300.45
2014-11-27,4365.9
2014-11-28,4359.85
2014-12-01,4349.85
2014-12-02,2126.6
2014-12-03,2123.5
2014-12-04,2101.8
2014-12-05,2070.3
2014-12-08,1970.15
2014-12-09,1964.8
2014-12-10,1963.75
2014-12-11,1921.05
2014-12-12,1938.65
2014-12-15,1924.8
2014-12-16,1938.0
2014-12-17,1938.5
2014-12-18,1965.9
2014-12-19,1998.65
2014-12-22,1999.6
2014-12-23,1971.65
2014-12-24,1930.55
2014-12-26,1952.25
2014-12-29,1957.8
2014-12-30,1966.35
2014-12-31,1972.55
2015-01-01,1974.4
2015-01-02,2013.2
2015-01-05,1995.9
2015-01-06,1954.2
2015-01-07,1963.55
2015-01-08,1973.45
2015-01-09,2074.45
2015-01-12,2115.95
2015-01-13,2088.9
2015-01-14,2128.65
2015-01-15,2134.25
2015-01-16,2118.3
2015-01-19,2102.5
2015-01-20,2124.2
2015-01-21,2169.9
2015-01-22,2196.45
2015-01-23,2215.05
2015-01-27,2136.5
2015-01-28,2144.55
2015-01-29,2145.5
2015-01-30,2141.9
2015-02-02,2136.85
2015-02-03,2120.9
2015-02-04,2142.85
2015-02-05,2193.8
2015-02-06,2230.5
2015-02-09,2248.9
2015-02-10,2278.3
2015-02-11,2284.85
2015-02-12,2311.2
2015-02-13,2296.1
2015-02-16,2278.75
2015-02-18,2296.5
2015-02-19,2324.7
2015-02-20,2283.1
2015-02-23,2265.6
2015-02-24,2272.8
2015-02-25,2317.6
2015-02-26,2258.1
2015-02-27,2265.75
2015-02-28,2296.45
2015-03-02,2291.7
2015-03-03,2297.85
2015-03-04,2274.65
2015-03-05,2247.6
2015-03-09,2190.05
2015-03-10,2198.0
2015-03-11,2182.2
2015-03-12,2218.3
2015-03-13,2220.4
2015-03-16,2266.65
2015-03-17,2240.5
2015-03-18,2229.5
2015-03-19,2230.45
2015-03-20,2257.45
2015-03-23,2233.45
2015-03-24,2211.45
2015-03-25,2219.1
2015-03-26,2146.35
2015-03-27,2202.15
2015-03-30,2228.0
2015-03-31,2218.35
2015-04-01,2173.95
2015-04-06,2178.2
2015-04-07,2159.5
2015-04-08,2200.55
2015-04-09,2215.0
2015-04-10,2233.95
2015-04-13,2238.8
2015-04-15,2213.7
2015-04-16,2194.65
2015-04-17,2179.25
2015-04-20,2132.15
2015-04-21,2142.6
2015-04-22,2137.7
2015-04-23,2122.0
2015-04-24,1995.2
2015-04-27,1984.65
2015-04-28,1960.9
2015-04-29,1961.15
2015-04-30,1942.25
2015-05-04,1993.1
2015-05-05,1962.75
2015-05-06,1922.05
2015-05-07,1944.0
2015-05-08,1957.95
2015-05-11,1993.65
2015-05-12,1947.1
2015-05-13,1956.7
2015-05-14,1934.8
2015-05-15,1961.75
2015-05-18,1993.05
2015-05-19,2022.35
2015-05-20,2047.3
2015-05-21,2048.45
2015-05-22,2046.45
2015-05-25,2016.8
2015-05-26,2007.3
2015-05-27,1968.5
2015-05-28,2016.6
2015-05-29,2023.15
2015-06-01,2047.8
2015-06-02,2008.65
2015-06-03,2020.9
2015-06-04,2028.05
2015-06-05,2011.65
2015-06-08,2000.05
2015-06-09,1992.1
2015-06-10,2026.5
2015-06-11,1997.65
2015-06-12,1975.05
2015-06-15,990.45
2015-06-16,999.35
2015-06-17,995.7
2015-06-18,1001.95
2015-06-19,995.35
2015-06-22,1023.85
2015-06-23,1000.4
2015-06-24,995.1
2015-06-25,990.45
2015-06-26,1005.25
2015-06-29,990.15
2015-06-30,984.35
2015-07-01,997.4
2015-07-02,988.0
2015-07-03,990.3
2015-07-06,983.3
2015-07-07,980.5
2015-07-08,957.5
2015-07-09,938.0
2015-07-10,937.5
2015-07-13,950.15
2015-07-14,971.25
2015-07-15,984.0
2015-07-16,989.05
2015-07-17,1001.85
2015-07-20,1001.25
2015-07-21,1112.65
2015-07-22,1103.15
2015-07-23,1098.0
2015-07-24,1087.6
2015-07-27,1065.3
2015-07-28,1062.85
2015-07-29,1085.4
2015-07-30,1070.0
2015-07-31,1077.05
2015-08-03,1078.95
2015-08-04,1057.25
2015-08-05,1086.35
2015-08-06,1086.95
2015-08-07,1095.6
2015-08-10,1086.0
2015-08-11,1109.15
2015-08-12,1144.4
2015-08-13,1158.0
2015-08-14,1149.25
2015-08-17,1142.15
2015-08-18,1164.35
2015-08-19,1175.55
2015-08-20,1134.55
2015-08-21,1149.9
2015-08-24,1092.05
2015-08-25,1085.65
2015-08-26,1064.6
2015-08-27,1082.8
2015-08-28,1111.05
2015-08-31,1094.4
2015-09-01,1089.0
2015-09-02,1099.45
2015-09-03,1099.35
2015-09-04,1073.95
2015-09-07,1058.75
2015-09-08,1058.8
2015-09-09,1088.7
2015-09-10,1080.45
2015-09-11,1090.75
2015-09-14,1099.75
2015-09-15,1099.2
2015-09-16,1101.65
2015-09-18,1104.45
2015-09-21,1104.65
2015-09-22,1107.45
2015-09-23,1116.25
2015-09-24,1140.55
2015-09-28,1105.55
2015-09-29,1121.85
2015-09-30,1161.95
2015-10-01,1173.05
2015-10-05,1181.75
2015-10-06,1154.6
2015-10-07,1133.2
2015-10-08,1132.15
2015-10-09,1167.4
2015-10-12,1122.9
2015-10-13,1099.4
2015-10-14,1097.6
2015-10-15,1097.35
2015-10-16,1094.9
2015-10-19,1111.95
2015-10-20,1125.95
2015-10-21,1138.4
2015-10-23,1149.9
2015-10-26,1152.15
2015-10-27,1149.4
2015-10-28,1153.2
2015-10-29,1145.05
2015-10-30,1135.45
2015-11-02,1131.2
2015-11-03,1145.5
2015-11-04,1136.8
2015-11-05,1122.9
2015-11-06,1138.3
2015-11-09,1134.6
2015-11-10,1103.85
2015-11-11,1107.6
2015-11-13,1100.8
2015-11-16,1080.2
2015-11-17,1061.5
2015-11-18,1020.0
2015-11-19,1047.8
2015-11-20,1052.4
2015-11-23,1053.7
2015-11-24,1041.15
2015-11-26,1052.4
2015-11-27,1066.35
2015-11-30,1087.9
2015-12-01,1079.0
2015-12-02,1060.7
2015-12-03,1057.75
2015-12-04,1049.05
2015-12-07,1046.25
2015-12-08,1044.4
2015-12-09,1028.2
2015-12-10,1047.35
2015-12-11,1052.8
2015-12-14,1069.5
2015-12-15,1077.55
2015-12-16,1095.85
2015-12-17,1107.1
2015-12-18,1083.15
2015-12-21,1103.45
2015-12-22,1083.75
2015-12-23,1100.85
2015-12-24,1096.35
2015-12-28,1104.75
2015-12-29,1104.7
2015-12-30,1086.3
2015-12-31,1105.4
2016-01-01,1105.25
2016-01-04,1078.9
2016-01-05,1074.05
2016-01-06,1069.35
2016-01-07,1050.8
2016-01-08,1063.3
2016-01-11,1055.7
2016-01-12,1049.95
2016-01-13,1083.4
2016-01-14,1133.0
2016-01-15,1139.9
2016-01-18,1131.9
2016-01-19,1139.65
2016-01-20,1121.25
2016-01-21,1137.05
2016-01-22,1136.25
2016-01-25,1137.65
2016-01-27,1138.5
2016-01-28,1129.6
2016-01-29,1164.9
2016-02-01,1173.35
2016-02-02,1175.55
2016-02-03,1157.7
2016-02-04,1179.75
2016-02-05,1174.7
2016-02-08,1150.8
2016-02-09,1107.65
2016-02-10,1108.55
2016-02-11,1078.65
2016-02-12,1084.65
2016-02-15,1091.75
2016-02-16,1079.15
2016-02-17,1097.85
2016-02-18,1123.4
2016-02-19,1127.25
2016-02-22,1126.65
2016-02-23,1123.9
2016-02-24,1125.35
2016-02-25,1110.3
2016-02-26,1121.15
2016-02-29,1084.05
2016-03-01,1125.45
2016-03-02,1156.0
2016-03-03,1169.3
2016-03-04,1170.65
2016-03-08,1163.45
2016-03-09,1178.5
2016-03-10,1142.5
2016-03-11,1143.0
2016-03-14,1141.2
2016-03-15,1134.4
2016-03-16,1152.45
2016-03-17,1161.75
2016-03-18,1193.4
2016-03-21,1194.9
2016-03-22,1189.95
2016-03-23,1207.8
2016-03-28,1204.9
2016-03-29,1197.25
2016-03-30,1205.95
2016-03-31,1218.3
2016-04-01,1205.45
2016-04-04,1243.7
2016-04-05,1219.8
2016-04-06,1200.7
2016-04-07,1181.5
2016-04-08,1165.75
2016-04-11,1183.9
2016-04-12,1182.2
2016-04-13,1172.7
2016-04-18,1238.7
2016-04-20,1243.6
2016-04-21,1226.3
2016-04-22,1211.25
2016-04-25,1215.85
2016-04-26,1232.15
2016-04-27,1240.15
2016-04-28,1209.15
2016-04-29,1208.1
2016-05-02,1201.05
2016-05-03,1177.8
2016-05-04,1188.85
2016-05-05,1192.45
2016-05-06,1181.5
2016-05-09,1199.05
2016-05-10,1212.8
2016-05-11,1201.85
2016-05-12,1210.0
2016-05-13,1207.25
2016-05-16,1215.0
2016-05-17,1214.25
2016-05-18,1209.85
2016-05-19,1205.75
2016-05-20,1201.6
2016-05-23,1188.0
2016-05-24,1187.75
2016-05-25,1208.65
2016-05-26,1234.15
2016-05-27,1247.5
2016-05-30,1267.6
2016-05-31,1248.65
2016-06-01,1258.2
2016-06-02,1261.55
2016-06-03,1266.9
2016-06-06,1266.75
2016-06-07,1257.4
2016-06-08,1238.1
2016-06-09,1185.5
2016-06-10,1180.6
2016-06-13,1180.9
2016-06-14,1175.0
2016-06-15,1189.95
2016-06-16,1186.0
2016-06-17,1179.5
2016-06-20,1208.75
2016-06-21,1206.1
2016-06-22,1199.5
2016-06-23,1211.6
2016-06-24,1194.55
2016-06-27,1166.2
2016-06-28,1159.15
2016-06-29,1176.85
2016-06-30,1170.8
2016-07-01,1172.4
2016-07-04,1183.95
2016-07-05,1175.45
2016-07-07,1157.25
2016-07-08,1158.2
2016-07-11,1175.05
2016-07-12,1176.55
2016-07-13,1193.8
2016-07-14,1176.25
2016-07-15,1072.55
2016-07-18,1081.95
2016-07-19,1086.95
2016-07-20,1083.1
2016-07-21,1079.9
2016-07-22,1072.45
2016-07-25,1080.85
2016-07-26,1088.7
2016-07-27,1085.35
2016-07-28,1077.5
2016-07-29,1073.85
2016-08-01,1085.25
2016-08-02,1083.8
2016-08-03,1084.9
2016-08-04,1071.8
2016-08-05,1068.0
2016-08-08,1078.7
2016-08-09,1083.4
2016-08-10,1082.35
2016-08-11,1077.35
2016-08-12,1062.55
2016-08-16,1051.8
2016-08-17,1033.3
2016-08-18,1023.4
2016-08-19,1021.3
2016-08-22,1015.45
2016-08-23,1039.65
2016-08-24,1057.4
2016-08-25,1036.15
2016-08-26,1020.25
2016-08-29,1022.8
2016-08-30,1040.4
2016-08-31,1035.85
2016-09-01,1037.55
2016-09-02,1031.85
2016-09-06,1045.0
2016-09-07,1054.35
2016-09-08,1037.65
2016-09-09,1035.5
2016-09-12,1054.0
2016-09-14,1045.6
2016-09-15,1042.2
2016-09-16,1060.15
2016-09-19,1061.2
2016-09-20,1050.15
2016-09-21,1055.75
2016-09-22,1058.8
2016-09-23,1042.55
2016-09-26,1035.9
2016-09-27,1039.75
2016-09-28,1038.95
2016-09-29,1029.2
2016-09-30,1036.05
2016-10-03,1038.1
2016-10-04,1049.2
2016-10-05,1041.5
2016-10-06,1027.4
2016-10-07,1012.55
2016-10-10,1029.95
2016-10-13,1052.35
2016-10-14,1027.15
2016-10-17,1022.4
2016-10-18,1039.05
2016-10-19,1041.8
2016-10-20,1036.65
2016-10-21,1038.3
2016-10-24,1027.1
2016-10-25,1017.2
2016-10-26,1014.2
2016-10-27,1003.5
2016-10-28,997.5
2016-10-30,1002.1
2016-11-01,989.45
2016-11-02,981.05
2016-11-03,966.85
2016-11-04,971.0
2016-11-07,977.95
2016-11-08,982.6
2016-11-09,958.3
2016-11-10,939.4
2016-11-11,921.55
2016-11-15,923.55
2016-11-16,940.9
2016-11-17,929.8
2016-11-18,920.0
2016-11-21,911.1
2016-11-22,914.2
2016-11-23,920.25
2016-11-24,930.3
2016-11-25,977.5
2016-11-28,979.75
2016-11-29,972.6
2016-11-30,975.55
2016-12-01,975.6
2016-12-02,964.5
2016-12-05,961.65
2016-12-06,966.5
2016-12-07,966.4
2016-12-08,984.65
2016-12-09,989.35
2016-12-12,977.35
2016-12-13,990.2
2016-12-14,999.75
2016-12-15,992.35
2016-12-16,1005.15
2016-12-19,1004.65
2016-12-20,1012.15
2016-12-21,1001.55
2016-12-22,984.7
2016-12-23,988.45
2016-12-26,982.75
2016-12-27,998.95
2016-12-28,998.5
2016-12-29,992.35
2016-12-30,1010.6
2017-01-02,1001.1
2017-01-03,993.85
2017-01-04,997.75
2017-01-05,996.15
2017-01-06,972.25
2017-01-09,970.35
2017-01-10,970.55
2017-01-11,969.1
2017-01-12,1000.05
2017-01-13,975.8
2017-01-16,955.65
2017-01-17,955.4
2017-01-18,950.8
2017-01-19,958.1
2017-01-20,948.7
2017-01-23,952.7
2017-01-24,945.55
2017-01-25,936.6
2017-01-27,942.15
2017-01-30,949.35
2017-01-31,928.6
2017-02-01,916.75
2017-02-02,935.9
2017-02-03,936.1
2017-02-06,935.25
2017-02-07,942.25
2017-02-08,936.5
2017-02-09,946.0
2017-02-10,968.3
2017-02-13,984.35
2017-02-14,987.7
2017-02-15,981.8
2017-02-16,1012.1
2017-02-17,1000.1
2017-02-20,1010.25
2017-02-21,1013.6
2017-02-22,990.15
2017-02-23,1008.85
2017-02-27,1012.4
2017-02-28,1012.4
2017-03-01,1025.15
2017-03-02,1023.3
2017-03-03,1031.2
2017-03-06,1033.9
2017-03-07,1019.8
2017-03-08,1007.8
2017-03-09,1011.55
2017-03-10,1021.85
2017-03-14,1034.8
2017-03-15,1011.95
2017-03-16,1028.85
2017-03-17,1040.3
2017-03-20,1021.5
2017-03-21,1032.85
2017-03-22,1027.7
2017-03-23,1040.45
2017-03-24,1031.4
2017-03-27,1028.85
2017-03-28,1035.15
2017-03-29,1031.85
2017-03-30,1025.5
2017-03-31,1022.25
2017-04-03,1008.8
2017-04-05,995.95
2017-04-06,999.6
2017-04-07,981.55
2017-04-10,953.4
2017-04-11,967.15
2017-04-12,968.85
2017-04-13,931.4
2017-04-17,924.9
2017-04-18,922.65
2017-04-19,919.2
2017-04-20,927.3
2017-04-21,923.7
2017-04-24,926.55
2017-04-25,929.35
2017-04-26,914.25
2017-04-27,925.25
2017-04-28,918.95
2017-05-02,922.6
2017-05-03,934.3
2017-05-04,937.65
2017-05-05,931.5
2017-05-08,945.5
2017-05-09,946.65
2017-05-10,943.65
2017-05-11,944.1
2017-05-12,964.25
2017-05-15,951.55
2017-05-16,955.0
2017-05-17,952.8
2017-05-18,961.75
2017-05-19,957.95
2017-05-22,961.45
2017-05-23,957.3
2017-05-24,954.8
2017-05-25,983.3
2017-05-26,995.7
2017-05-29,985.15
2017-05-30,996.2
2017-05-31,977.05
2017-06-01,971.4
2017-06-02,969.45
2017-06-05,958.75
2017-06-06,979.35
2017-06-07,961.3
2017-06-08,956.45
2017-06-09,948.6
2017-06-12,963.85
2017-06-13,957.8
2017-06-14,958.6
2017-06-15,952.1
2017-06-16,940.25
2017-06-19,929.85
2017-06-20,943.55
2017-06-21,943.35
2017-06-22,940.15
2017-06-23,943.25
2017-06-27,927.05
2017-06-28,924.7
2017-06-29,930.2
2017-06-30,935.55
2017-07-03,951.9
2017-07-04,962.15
2017-07-05,950.9
2017-07-06,947.0
2017-07-07,935.4
2017-07-10,957.05
2017-07-11,975.35
2017-07-12,972.35
2017-07-13,977.05
2017-07-14,972.05
2017-07-17,984.05
2017-07-18,985.6
2017-07-19,979.85
2017-07-20,969.45
2017-07-21,980.1
2017-07-24,990.55
2017-07-25,993.85
2017-07-26,994.05
2017-07-27,971.05
2017-07-28,997.35
2017-07-31,1011.2
2017-08-01,1005.55
2017-08-02,993.35
2017-08-03,984.0
2017-08-04,983.75
2017-08-07,968.25
2017-08-08,963.85
2017-08-09,969.35
2017-08-10,981.25
2017-08-11,987.7
2017-08-14,981.45
2017-08-16,975.2
2017-08-17,1020.85
2017-08-18,923.25
2017-08-21,873.4
2017-08-22,875.4
2017-08-23,892.8
2017-08-24,912.15
2017-08-28,941.0
2017-08-29,927.45
2017-08-30,926.65
2017-08-31,914.95
2017-09-01,919.95
2017-09-04,900.2
2017-09-05,901.9
2017-09-06,895.6
2017-09-07,895.75
2017-09-08,884.3
2017-09-11,878.7
2017-09-12,884.05
2017-09-13,883.75
2017-09-14,892.4
2017-09-15,908.25
2017-09-18,909.1
2017-09-19,912.25
2017-09-20,912.7
2017-09-21,909.55
2017-09-22,898.3
2017-09-25,895.35
2017-09-26,905.9
2017-09-27,899.8
2017-09-28,896.0
2017-09-29,899.9
2017-10-03,903.55
2017-10-04,899.6
2017-10-05,903.05
2017-10-06,920.15
2017-10-09,923.9
2017-10-10,935.45
2017-10-11,930.7
2017-10-12,927.3
2017-10-13,930.1
2017-10-16,939.0
2017-10-17,930.5
2017-10-18,924.35
2017-10-19,926.95
2017-10-23,939.5
2017-10-24,926.5
2017-10-25,935.3
2017-10-26,947.35
2017-10-27,946.35
2017-10-30,944.1
2017-10-31,921.85
2017-11-01,927.05
2017-11-02,922.9
2017-11-03,926.65
2017-11-06,928.7
2017-11-07,955.5
2017-11-08,952.3
2017-11-09,954.5
2017-11-10,962.05
2017-11-13,951.95
2017-11-14,949.1
2017-11-15,951.8
2017-11-16,988.4
2017-11-17,970.95
2017-11-20,960.55
2017-11-21,966.25
2017-11-22,966.3
2017-11-23,991.25
2017-11-24,1009.55
2017-11-27,998.75
2017-11-28,984.7
2017-11-29,982.7
2017-11-30,976.1
2017-12-01,958.8
2017-12-04,985.35
2017-12-05,984.35
2017-12-06,990.3
2017-12-07,999.8
2017-12-08,1001.85
2017-12-11,1005.3
2017-12-12,1010.5
2017-12-13,1003.75
2017-12-14,1013.1
2017-12-15,1022.9
2017-12-18,1016.6
2017-12-19,1003.95
2017-12-20,1015.85
2017-12-21,1022.05
2017-12-22,1039.35
2017-12-26,1035.6
2017-12-27,1034.25
2017-12-28,1033.25
2017-12-29,1042.05
2018-01-01,1033.55
2018-01-02,1029.7
2018-01-03,1021.3
2018-01-04,1015.4
2018-01-05,1012.0
2018-01-08,1036.05
2018-01-09,1041.35
2018-01-10,1052.25
2018-01-11,1075.8
2018-01-12,1078.45
2018-01-15,1081.15
2018-01-16,1122.85
2018-01-17,1152.1
2018-01-18,1152.7
2018-01-19,1143.45
2018-01-22,1150.0
2018-01-23,1177.1
2018-01-24,1185.8
2018-01-25,1175.4
2018-01-29,1182.9
2018-01-30,1170.65
2018-01-31,1150.25
2018-02-01,1144.6
2018-02-02,1143.25
2018-02-05,1138.2
2018-02-06,1107.75
2018-02-07,1109.05
2018-02-08,1134.25
2018-02-09,1109.15
2018-02-12,1102.8
2018-02-14,1097.75
2018-02-15,1114.45
2018-02-16,1128.05
2018-02-19,1131.75
2018-02-20,1136.95
2018-02-21,1147.4
2018-02-22,1160.75
2018-02-23,1155.65
2018-02-26,1138.6
2018-02-27,1150.2
2018-02-28,1172.6
2018-03-01,1160.75
2018-03-05,1155.9
2018-03-06,1151.35
2018-03-07,1144.1
2018-03-08,1156.65
2018-03-09,1163.4
2018-03-12,1185.75
2018-03-13,1183.8
2018-03-14,1180.8
2018-03-15,1182.5
2018-03-16,1171.9
2018-03-19,1146.75
2018-03-20,1164.55
2018-03-21,1167.5
2018-03-22,1161.3
2018-03-23,1167.6
2018-03-26,1155.25
2018-03-27,1154.0
2018-03-28,1131.8
2018-04-02,1137.15
2018-04-03,1140.45
2018-04-04,1124.2
2018-04-05,1147.55
2018-04-06,1127.0
2018-04-09,1111.25
2018-04-10,1113.4
2018-04-11,1124.25
2018-04-12,1162.6
2018-04-13,1171.45
2018-04-16,1133.2
2018-04-17,1125.2
2018-04-18,1125.95
2018-04-19,1132.85
2018-04-20,1178.45
2018-04-23,1187.7
2018-04-24,1154.5
2018-04-25,1160.35
2018-04-26,1176.45
2018-04-27,1185.2
2018-04-30,1199.5
2018-05-02,1197.05
2018-05-03,1182.55
2018-05-04,1173.1
2018-05-07,1183.0
2018-05-08,1165.55
2018-05-09,1170.7
2018-05-10,1168.0
2018-05-11,1180.75
2018-05-14,1189.3
2018-05-15,1194.55
2018-05-16,1189.95
2018-05-17,1182.9
2018-05-18,1183.2
2018-05-21,1179.5
2018-05-22,1193.85
2018-05-23,1184.9
2018-05-24,1221.0
2018-05-25,1228.3
2018-05-28,1214.4
2018-05-29,1216.7
2018-05-30,1211.7
2018-05-31,1231.8
2018-06-01,1220.8
2018-06-04,1239.4
2018-06-05,1220.85
2018-06-06,1237.45
2018-06-07,1252.45
2018-06-08,1260.05
2018-06-11,1262.4
2018-06-12,1258.5
2018-06-13,1274.8
2018-06-14,1239.7
2018-06-15,1281.25
2018-06-18,1267.4
2018-06-19,1241.6
2018-06-20,1243.15
2018-06-21,1246.55
2018-06-22,1247.85
2018-06-25,1272.45
2018-06-26,1277.85
2018-06-27,1270.0
2018-06-28,1289.6
2018-06-29,1307.2
2018-07-02,1334.7
2018-07-03,1353.75
2018-07-04,1345.2
2018-07-05,1284.0
2018-07-06,1284.25
2018-07-09,1298.85
2018-07-10,1301.4
2018-07-11,1320.45
2018-07-12,1294.35
2018-07-13,1317.4
2018-07-16,1332.85
2018-07-17,1327.9
2018-07-18,1322.55
2018-07-19,1316.7
2018-07-20,1348.1
2018-07-23,1355.95
2018-07-24,1377.15
2018-07-25,1383.75
2018-07-26,1373.25
2018-07-27,1373.45
2018-07-30,1351.0
2018-07-31,1365.1
2018-08-01,1354.05
2018-08-02,1353.65
2018-08-03,1364.1
2018-08-06,1360.65
2018-08-07,1367.95
2018-08-08,1362.75
2018-08-09,1379.95
2018-08-10,1385.45
2018-08-13,1408.75
2018-08-14,1408.3
2018-08-16,1429.55
2018-08-17,1430.35
2018-08-20,1384.25
2018-08-21,1383.95
2018-08-23,1397.4
2018-08-24,1378.3
2018-08-27,1415.4
2018-08-28,1424.7
2018-08-29,1410.1
2018-08-30,1416.2
2018-08-31,1441.1
2018-09-03,1434.25
2018-09-04,737.15
2018-09-05,729.9
2018-09-06,727.15
2018-09-07,732.8
2018-09-10,730.85
2018-09-11,734.3
2018-09-12,742.9
2018-09-14,733.7
2018-09-17,725.95
2018-09-18,719.1
2018-09-19,719.75
2018-09-21,705.3
2018-09-24,718.25
2018-09-25,726.2
2018-09-26,717.85
2018-09-27,724.8
2018-09-28,730.05
2018-10-01,746.65
2018-10-03,728.5
2018-10-04,707.2
2018-10-05,724.6
2018-10-08,714.45
2018-10-09,717.75
2018-10-10,700.45
2018-10-11,673.35
2018-10-12,678.8
2018-10-15,698.8
2018-10-16,695.25
2018-10-17,705.35
2018-10-19,683.55
2018-10-22,679.95
2018-10-23,657.6
2018-10-24,649.8
2018-10-25,648.75
2018-10-26,633.6
2018-10-29,644.75
2018-10-30,659.6
2018-10-31,686.4
2018-11-01,666.7
2018-11-02,662.25
2018-11-05,666.0
2018-11-06,666.45
2018-11-07,675.5
2018-11-09,659.5
2018-11-12,664.2
2018-11-13,665.7
2018-11-14,653.2
2018-11-15,656.4
2018-11-16,650.85
2018-11-19,651.7
2018-11-20,641.4
2018-11-21,619.1
2018-11-22,620.75
2018-11-26,621.45
2018-11-27,638.9
2018-11-28,666.4
2018-11-29,661.05
2018-11-30,667.45
2018-12-03,670.35
2018-12-04,685.25
2018-12-05,681.4
2018-12-06,668.5
2018-12-07,682.8
2018-12-10,669.2
2018-12-11,674.5
2018-12-12,678.5
2018-12-13,697.75
2018-12-14,706.05
2018-12-17,694.4
2018-12-18,676.6
2018-12-19,664.85
2018-12-20,667.05
2018-12-21,646.2
2018-12-24,649.0
2018-12-26,644.05
2018-12-27,656.8
2018-12-28,656.95
2018-12-31,658.95
2019-01-01,665.05
2019-01-02,669.05
2019-01-03,669.15
2019-01-04,661.05
2019-01-07,671.7
2019-01-08,670.05
2019-01-09,676.1
2019-01-10,679.7
2019-01-11,683.5
2019-01-14,701.9
2019-01-15,726.6
2019-01-16,736.8
2019-01-17,733.35
2019-01-18,730.95
2019-01-21,745.0
2019-01-22,745.35
2019-01-23,731.65
2019-01-24,732.0
2019-01-25,730.35
2019-01-28,727.95
2019-01-29,727.9
2019-01-30,725.9
2019-01-31,749.55
2019-02-01,757.05
2019-02-04,755.9
2019-02-05,754.85
2019-02-06,763.3
2019-02-07,764.0
2019-02-08,760.9
2019-02-11,762.8
2019-02-12,750.45
2019-02-13,754.9
2019-02-14,740.05
2019-02-15,741.95
2019-02-18,741.05
2019-02-19,724.3
2019-02-20,740.7
2019-02-21,733.45
2019-02-22,734.95
2019-02-25,754.9
2019-02-26,742.5
2019-02-27,735.25
2019-02-28,734.3
2019-03-01,741.9
2019-03-05,732.5
2019-03-06,732.5
2019-03-07,722.95
2019-03-08,712.35
2019-03-11,711.25
2019-03-12,706.95
2019-03-13,708.45
2019-03-14,708.35
2019-03-15,718.55
2019-03-18,710.2
2019-03-19,722.25
2019-03-20,738.95
2019-03-22,743.1
2019-03-25,735.25
2019-03-26,727.75
2019-03-27,729.7
2019-03-28,737.8
2019-03-29,743.85
2019-04-01,755.1
2019-04-02,759.4
2019-04-03,753.3
2019-04-04,747.9
2019-04-05,759.3
2019-04-08,767.25
2019-04-09,760.6
2019-04-10,752.7
2019-04-11,742.7
2019-04-12,747.75
2019-04-15,727.5
2019-04-16,724.1
2019-04-18,717.05
2019-04-22,721.05
2019-04-23,728.2
2019-04-24,736.45
2019-04-25,728.55
2019-04-26,738.0
2019-04-30,751.35
2019-05-02,730.8
2019-05-03,723.6
2019-05-06,718.4
2019-05-07,724.55
2019-05-08,719.35
2019-05-09,721.05
2019-05-10,716.85
2019-05-13,719.7
2019-05-14,713.85
2019-05-15,716.1
2019-05-16,733.1
2019-05-17,723.9
2019-05-20,722.4
2019-05-21,709.3
2019-05-22,709.75
2019-05-23,701.05
2019-05-24,709.2
2019-05-27,708.1
2019-05-28,728.1
2019-05-29,727.8
2019-05-30,733.55
2019-05-31,737.75
2019-06-03,744.65
2019-06-04,735.3
2019-06-06,735.6
2019-06-07,739.1
2019-06-10,753.5
2019-06-11,754.9
2019-06-12,753.8
2019-06-13,742.65
2019-06-14,740.45
2019-06-17,740.55
2019-06-18,750.15
2019-06-19,751.9
2019-06-20,754.9
2019-06-21,750.2
2019-06-24,745.5
2019-06-25,748.1
2019-06-26,739.2
2019-06-27,730.55
2019-06-28,732.0
2019-07-01,731.3
2019-07-02,740.0
2019-07-03,731.3
2019-07-04,733.8
2019-07-05,718.0
2019-07-08,717.6
2019-07-09,715.5
2019-07-10,717.25
2019-07-11,721.5
2019-07-12,726.75
2019-07-15,779.35
2019-07-16,784.85
2019-07-17,794.15
2019-07-18,792.7
2019-07-19,785.4
2019-07-22,784.4
2019-07-23,790.05
2019-07-24,786.3
2019-07-25,794.5
2019-07-26,787.0
2019-07-29,791.45
2019-07-30,792.7
2019-07-31,793.65
2019-08-01,768.85
2019-08-02,775.6
2019-08-05,776.7
2019-08-06,774.45
2019-08-07,776.1
2019-08-08,788.75
2019-08-09,789.85
2019-08-13,764.75
2019-08-14,774.8
2019-08-16,774.55
2019-08-19,777.65
2019-08-20,792.75
2019-08-21,799.45
2019-08-22,795.7
2019-08-23,802.2
2019-08-26,802.55
2019-08-27,784.65
2019-08-28,802.5
2019-08-29,806.95
2019-08-30,814.9
2019-09-03,814.25
2019-09-04,821.3
2019-09-05,834.05
2019-09-06,840.15
2019-09-09,829.1
2019-09-11,820.1
2019-09-12,816.4
2019-09-13,829.3
2019-09-16,827.7
2019-09-17,831.25
2019-09-18,829.85
2019-09-19,820.7
2019-09-20,805.0
2019-09-23,764.35
2019-09-24,794.05
2019-09-25,792.65
2019-09-26,782.55
2019-09-27,782.2
2019-09-30,805.65
2019-10-01,793.55
2019-10-03,785.6
2019-10-04,793.45
2019-10-07,789.55
2019-10-09,783.65
2019-10-10,783.05
2019-10-11,814.8
2019-10-14,786.1
2019-10-15,768.3
2019-10-16,771.45
2019-10-17,769.5
2019-10-18,767.85
2019-10-22,643.55
2019-10-23,650.6
2019-10-24,635.35
2019-10-25,637.45
2019-10-27,648.85
2019-10-29,650.65
2019-10-30,660.6
2019-10-31,685.6
2019-11-01,687.9
2019-11-04,709.0
2019-11-05,696.1
2019-11-06,712.3
2019-11-07,720.1
2019-11-08,708.15
2019-11-11,704.4
2019-11-13,691.35
2019-11-14,705.3
2019-11-15,703.9
2019-11-18,705.2
2019-11-19,712.85
2019-11-20,713.0
2019-11-21,713.25
2019-11-22,693.2
2019-11-25,698.1
2019-11-26,690.6
2019-11-27,695.75
2019-11-28,701.85
2019-11-29,696.35
2019-12-02,692.7
2019-12-03,698.35
2019-12-04,708.85
2019-12-05,714.85
2019-12-06,715.1
2019-12-09,717.25
2019-12-10,714.55
2019-12-11,721.05
2019-12-12,702.1
2019-12-13,711.3
2019-12-16,714.0
2019-12-17,729.7
2019-12-18,732.45
2019-12-19,730.85
2019-12-20,731.55
2019-12-23,736.0
2019-12-24,733.4
2019-12-26,728.95
2019-12-27,736.95
2019-12-30,732.9
2019-12-31,731.15
2020-01-01,736.85
2020-01-02,734.7
2020-01-03,746.0
2020-01-06,738.85
2020-01-07,727.9
2020-01-08,718.2
2020-01-09,727.55
2020-01-10,738.15
2020-01-13,773.55
2020-01-14,775.65
2020-01-15,767.55
2020-01-16,767.0
2020-01-17,767.85
2020-01-20,768.45
2020-01-21,762.5
2020-01-22,770.2
2020-01-23,784.35
2020-01-24,782.75
2020-01-27,778.1
2020-01-28,778.0
2020-01-29,789.7
2020-01-30,780.7
2020-01-31,775.95
2020-02-01,779.5
2020-02-03,767.4
2020-02-04,787.85
2020-02-05,784.55
2020-02-06,771.35
2020-02-07,777.3
2020-02-10,773.2
2020-02-11,773.55
2020-02-12,781.05
2020-02-13,792.25
2020-02-14,786.45
2020-02-17,789.45
2020-02-18,797.65
2020-02-19,800.45
2020-02-20,797.0
2020-02-24,795.85
2020-02-25,798.4
2020-02-26,782.75
2020-02-27,777.85
2020-02-28,731.7
2020-03-02,741.05
2020-03-03,747.0
2020-03-04,758.75
2020-03-05,754.6
2020-03-06,738.95
2020-03-09,704.45
2020-03-11,686.0
2020-03-12,631.2
2020-03-13,642.35
2020-03-16,583.15
2020-03-17,554.95
2020-03-18,534.3
2020-03-19,545.55
2020-03-20,585.2
2020-03-23,526.45
2020-03-24,589.8
2020-03-25,606.2
2020-03-26,643.0
2020-03-27,652.7
2020-03-30,626.7
2020-03-31,641.5
2020-04-01,602.8
2020-04-03,585.7
2020-04-07,639.0
2020-04-08,631.6
2020-04-09,636.25
2020-04-13,637.4
2020-04-15,639.05
2020-04-16,623.85
2020-04-17,628.75
2020-04-20,653.3
2020-04-21,633.2
2020-04-22,641.85
2020-04-23,679.3
2020-04-24,658.0
2020-04-27,664.6
2020-04-28,660.7
2020-04-29,676.55
2020-04-30,715.5
2020-05-04,673.7
2020-05-05,673.7
2020-05-06,665.9
2020-05-07,664.95
2020-05-08,674.2
2020-05-11,682.9
2020-05-12,687.65
2020-05-13,694.15
2020-05-14,658.15
2020-05-15,652.3
2020-05-18,663.9
2020-05-19,668.6
2020-05-20,669.55
2020-05-21,672.2
2020-05-22,692.35
2020-05-26,680.55
2020-05-27,705.45
2020-05-28,707.4
2020-05-29,691.0
2020-06-01,699.55
2020-06-02,708.1
2020-06-03,701.55
2020-06-04,707.75
2020-06-05,703.55
2020-06-08,720.85
2020-06-09,717.6
2020-06-10,715.85
2020-06-11,703.95
2020-06-12,692.05
2020-06-15,687.55
2020-06-16,701.2
2020-06-17,703.65
2020-06-18,713.9
2020-06-19,705.55
2020-06-22,703.7
2020-06-23,720.65
2020-06-24,714.15
2020-06-25,700.5
2020-06-26,748.2
2020-06-29,731.75
2020-06-30,735.95
2020-07-01,731.9
2020-07-02,756.6
2020-07-03,762.7
2020-07-06,764.0
2020-07-07,794.15
2020-07-08,774.7
2020-07-09,781.7
2020-07-10,781.85
2020-07-13,797.05
2020-07-14,783.25
2020-07-15,830.95
2020-07-16,911.0
2020-07-17,903.15
2020-07-20,934.3
2020-07-21,936.75
2020-07-22,917.9
2020-07-23,907.95
2020-07-24,922.85
2020-07-27,948.45
2020-07-28,962.85
2020-07-29,954.15
2020-07-30,961.45
2020-07-31,966.0
2020-08-03,956.9
2020-08-04,949.85
2020-08-05,944.7
2020-08-06,970.85
2020-08-07,950.9
2020-08-10,951.35
2020-08-11,948.45
2020-08-12,954.95
2020-08-13,951.2
2020-08-14,953.6
2020-08-17,957.5
2020-08-18,967.55
2020-08-19,959.3
2020-08-20,955.15
2020-08-21,948.8
2020-08-24,947.4
2020-08-25,938.1
2020-08-26,950.8
2020-08-27,947.05
2020-08-28,935.25
2020-08-31,928.6
2020-09-01,914.15
2020-09-02,924.0
2020-09-03,935.55
2020-09-04,919.15
2020-09-07,925.05
2020-09-08,939.3
2020-09-09,927.75
2020-09-10,940.05
2020-09-11,945.7
2020-09-14,978.4
2020-09-15,982.45
2020-09-16,1001.75
2020-09-17,1011.0
2020-09-18,1002.15
2020-09-21,1009.9
2020-09-22,1007.5
2020-09-23,1019.75
2020-09-24,975.4
2020-09-25,1011.45
2020-09-28,1010.4
2020-09-29,1009.0
2020-09-30,1008.25
2020-10-01,1017.65
2020-10-05,1048.7
2020-10-06,1055.75
2020-10-07,1066.55
2020-10-08,1093.7
2020-10-09,1106.8
2020-10-12,1132.1
2020-10-13,1157.8
2020-10-14,1137.0
2020-10-15,1108.25
2020-10-16,1127.5
2020-10-19,1125.9
2020-10-20,1137.5
2020-10-21,1148.35
2020-10-22,1129.05
2020-10-23,1122.5
2020-10-26,1112.45
2020-10-27,1090.85
2020-10-28,1076.55
2020-10-29,1074.85
2020-10-30,1060.6
2020-11-02,1072.3
2020-11-03,1062.55
2020-11-04,1093.95
2020-11-05,1104.0
2020-11-06,1112.75
2020-11-09,1136.55
2020-11-10,1091.05
2020-11-11,1122.5
2020-11-12,1117.75
2020-11-13,1124.2
2020-11-14,1133.45
2020-11-17,1123.7
2020-11-18,1110.55
2020-11-19,1096.75
2020-11-20,1103.35
2020-11-23,1139.85
2020-11-24,1140.05
2020-11-25,1115.65
2020-11-26,1113.2
2020-11-27,1100.0
2020-12-01,1137.85
2020-12-02,1140.9
2020-12-03,1126.45
2020-12-04,1134.65
2020-12-07,1143.5
2020-12-08,1153.35
2020-12-09,1175.2
2020-12-10,1167.75
2020-12-11,1163.2
2020-12-14,1164.55
2020-12-15,1154.6
2020-12-16,1165.7
2020-12-17,1159.2
2020-12-18,1189.8
2020-12-21,1177.3
2020-12-22,1220.5
2020-12-23,1253.05
2020-12-24,1236.05
2020-12-28,1240.3
2020-12-29,1250.3
2020-12-30,1246.8
2020-12-31,1255.8
2021-01-01,1260.45
2021-01-04,1288.25
2021-01-05,1293.8
2021-01-06,1282.1
2021-01-07,1262.15
2021-01-08,1312.1
2021-01-11,1376.2
2021-01-12,1371.75
2021-01-13,1387.15
2021-01-14,1370.5
2021-01-15,1344.95
2021-01-18,1312.05
2021-01-19,1316.65
2021-01-20,1339.45
2021-01-21,1339.7
2021-01-22,1340.85
2021-01-25,1325.1
2021-01-27,1301.0
2021-01-28,1276.2
2021-01-29,1239.05
2021-02-01,1260.9
2021-02-02,1271.25
2021-02-03,1284.65
2021-02-04,1279.35
2021-02-05,1272.1
2021-02-08,1303.55
2021-02-09,1305.55
2021-02-10,1296.5
2021-02-11,1292.65
2021-02-12,1309.8
2021-02-15,1309.65
2021-02-16,1290.4
2021-02-17,1281.3
2021-02-18,1292.45
2021-02-19,1291.3
2021-02-22,1265.2
2021-02-23,1266.35
2021-02-24,1274.3
2021-02-25,1274.55
2021-02-26,1253.3
2021-03-01,1267.0
2021-03-02,1304.5
2021-03-03,1343.55
2021-03-04,1330.35
2021-03-05,1316.7
2021-03-08,1335.75
2021-03-09,1345.55
2021-03-10,1368.15
2021-03-12,1374.85
2021-03-15,1373.6
2021-03-16,1384.0
2021-03-17,1387.0
2021-03-18,1337.1
2021-03-19,1344.45
2021-03-22,1370.8
2021-03-23,1371.55
2021-03-24,1353.75
2021-03-25,1333.8
2021-03-26,1336.2
2021-03-30,1385.3
2021-03-31,1368.05
2021-04-01,1385.2
2021-04-05,1409.9
2021-04-06,1411.05
2021-04-07,1430.2
2021-04-08,1439.85
2021-04-09,1441.05
2021-04-12,1425.75
2021-04-13,1397.15
2021-04-15,1360.75
2021-04-16,1353.75
2021-04-19,1362.55
2021-04-20,1351.35
2021-04-22,1351.1
2021-04-23,1333.8
2021-04-26,1343.55
2021-04-27,1348.5
2021-04-28,1356.0
2021-04-29,1356.35
2021-04-30,1354.35
2021-05-03,1352.05
2021-05-04,1329.4
2021-05-05,1341.5
2021-05-06,1361.6
2021-05-07,1352.55
2021-05-10,1339.55
2021-05-11,1330.65
2021-05-12,1327.0
2021-05-14,1316.4
2021-05-17,1329.4
2021-05-18,1340.0
2021-05-19,1337.0
2021-05-20,1339.3
2021-05-21,1354.5
2021-05-24,1348.05
2021-05-25,1361.6
2021-05-26,1397.25
2021-05-27,1402.25
2021-05-28,1405.05
2021-05-31,1393.75
2021-06-01,1387.2
2021-06-02,1378.65
2021-06-03,1389.65
2021-06-04,1385.65
2021-06-07,1389.65
2021-06-08,1412.95
2021-06-09,1415.3
2021-06-10,1424.3
2021-06-11,1446.9
2021-06-14,1461.8
2021-06-15,1473.9
2021-06-16,1480.6
2021-06-17,1495.3
2021-06-18,1503.3
2021-06-21,1500.3
2021-06-22,1511.85
2021-06-23,1503.15
2021-06-24,1559.2
2021-06-25,1574.2
2021-06-28,1571.8
2021-06-29,1563.05
2021-06-30,1580.8
2021-07-01,1560.4
2021-07-02,1567.8
2021-07-05,1578.95
2021-07-06,1562.2
2021-07-07,1564.6
2021-07-08,1560.75
2021-07-09,1562.9
2021-07-12,1547.85
2021-07-13,1544.95
2021-07-14,1576.9
2021-07-15,1580.8
2021-07-16,1555.45
2021-07-19,1541.7
2021-07-20,1550.05
2021-07-22,1590.2
2021-07-23,1590.45
2021-07-26,1603.9
2021-07-27,1602.55
2021-07-28,1605.6
2021-07-29,1617.0
2021-07-30,1610.5
2021-08-02,1631.55
2021-08-03,1655.2
2021-08-04,1649.25
2021-08-05,1653.55
2021-08-06,1650.2
2021-08-09,1663.3
2021-08-10,1677.25
2021-08-11,1677.55
2021-08-12,1689.6
2021-08-13,1712.2
2021-08-16,1704.4
2021-08-17,1741.65
2021-08-18,1733.45
2021-08-20,1732.95
2021-08-23,1738.75
2021-08-24,1720.85
2021-08-25,1735.55
2021-08-26,1727.7
2021-08-27,1708.8
2021-08-30,1698.05
2021-08-31,1706.45
2021-09-01,1677.75
2021-09-02,1689.1
2021-09-03,1700.65
2021-09-06,1730.4
2021-09-07,1706.65
2021-09-08,1693.25
2021-09-09,1691.6
2021-09-13,1691.9
2021-09-14,1686.15
2021-09-15,1711.45
2021-09-16,1702.25
2021-09-17,1691.3
2021-09-20,1687.85
2021-09-21,1718.45
2021-09-22,1716.9
2021-09-23,1742.55
2021-09-24,1763.85
2021-09-27,1721.15
2021-09-28,1687.1
2021-09-29,1692.25
2021-09-30,1675.2
2021-10-01,1665.15
2021-10-04,1678.75
2021-10-05,1692.8
2021-10-06,1673.55
2021-10-07,1691.0
2021-10-08,1723.85
2021-10-11,1690.95
2021-10-12,1685.15
2021-10-13,1709.2
2021-10-14,1715.75
2021-10-18,1792.15
2021-10-19,1822.15
2021-10-20,1802.35
2021-10-21,1753.65
2021-10-22,1719.8
2021-10-25,1707.55
2021-10-26,1703.7
2021-10-27,1728.95
2021-10-28,1703.9
2021-10-29,1667.75
2021-11-01,1700.05
2021-11-02,1697.9
2021-11-03,1702.5
2021-11-04,1708.7
2021-11-08,1737.5
2021-11-09,1742.5
2021-11-10,1740.15
2021-11-11,1733.3
2021-11-12,1780.2
2021-11-15,1787.15
2021-11-16,1792.3
2021-11-17,1787.45
2021-11-18,1779.4
2021-11-22,1759.4
2021-11-23,1736.9
2021-11-24,1696.0
2021-11-25,1722.4
2021-11-26,1691.65
2021-11-29,1696.35
2021-11-30,1712.65
2021-12-01,1714.9
2021-12-02,1748.25
2021-12-03,1735.55
2021-12-06,1695.3
2021-12-07,1711.65
2021-12-08,1753.35
2021-12-09,1763.45
2021-12-10,1759.25
2021-12-13,1744.65
2021-12-14,1752.15
2021-12-15,1734.2
2021-12-16,1771.6
2021-12-17,1820.85
2021-12-20,1798.9
2021-12-21,1811.6
2021-12-22,1824.7
2021-12-23,1857.6
2021-12-24,1863.5
2021-12-27,1866.15
2021-12-28,1888.0
2021-12-29,1885.55
2021-12-30,1892.85
2021-12-31,1887.75
2022-01-03,1898.45
2022-01-04,1899.15
2022-01-05,1844.65
2022-01-06,1817.8
2022-01-07,1814.3
2022-01-10,1850.75
2022-01-11,1855.6
2022-01-12,1877.45
2022-01-13,1896.8
2022-01-14,1929.35
2022-01-17,1939.5
2022-01-18,1920.75
2022-01-19,1867.05
2022-01-20,1823.7
2022-01-21,1785.7
2022-01-24,1736.8
2022-01-25,1722.15
2022-01-27,1678.6
2022-01-28,1686.2
2022-01-31,1736.2
2022-02-01,1772.05
2022-02-02,1787.1
2022-02-03,1738.55
2022-02-04,1741.1
2022-02-07,1715.0
2022-02-08,1717.3
2022-02-09,1737.3
2022-02-10,1769.6
2022-02-11,1721.35
2022-02-14,1682.2
2022-02-15,1738.25
2022-02-16,1733.3
2022-02-17,1724.8
2022-02-18,1706.95
2022-02-21,1730.7
2022-02-22,1734.35
2022-02-23,1742.85
2022-02-24,1678.15
2022-02-25,1694.6
2022-02-28,1715.6
2022-03-02,1702.8
2022-03-03,1720.85
2022-03-04,1723.3
2022-03-07,1739.85
2022-03-08,1778.2
2022-03-09,1813.35
2022-03-10,1825.9
2022-03-11,1822.0
2022-03-14,1890.7
2022-03-15,1839.3
2022-03-16,1889.4
2022-03-17,1854.6
2022-03-21,1853.05
2022-03-22,1887.4
2022-03-23,1872.4
2022-03-24,1886.7
2022-03-25,1876.55
2022-03-28,1873.9
2022-03-29,1886.0
2022-03-30,1903.95
2022-03-31,1906.85
2022-04-01,1903.55
2022-04-04,1882.95
2022-04-05,1861.1
2022-04-06,1828.85
2022-04-07,1811.0
2022-04-08,1814.6
2022-04-11,1766.55
2022-04-12,1742.45
2022-04-13,1748.55
2022-04-18,1621.4
2022-04-19,1562.0
2022-04-20,1587.7
2022-04-21,1618.8
2022-04-22,1585.45
2022-04-25,1561.1
2022-04-26,1581.0
2022-04-27,1552.8
2022-04-28,1582.6
2022-04-29,1567.55
2022-05-02,1541.0
2022-05-04,1535.55
2022-05-05,1585.15
2022-05-06,1542.85
2022-05-09,1570.35
2022-05-10,1553.0
2022-05-11,1526.75
2022-05-12,1508.8
2022-05-13,1504.4
2022-05-16,1489.1
2022-05-17,1518.45
2022-05-18,1509.2
2022-05-19,1427.15
2022-05-20,1455.15
2022-05-23,1468.4
2022-05-24,1441.0
2022-05-25,1410.45
2022-05-26,1423.95
2022-05-27,1461.35
2022-05-30,1526.8
2022-05-31,1503.6
2022-06-01,1478.55
2022-06-02,1508.0
2022-06-03,1521.7
2022-06-06,1530.05
2022-06-07,1506.7
2022-06-08,1500.0
2022-06-09,1515.0
2022-06-10,1476.8
2022-06-13,1424.5
2022-06-14,1440.55
2022-06-15,1422.2
2022-06-16,1397.2
2022-06-17,1387.3
2022-06-20,1414.15
2022-06-21,1449.9
2022-06-22,1437.25
2022-06-23,1452.45
2022-06-24,1441.1
2022-06-27,1474.6
2022-06-28,1480.15
2022-06-29,1463.25
2022-06-30,1461.9
2022-07-01,1479.4
2022-07-04,1488.0
2022-07-05,1475.95
2022-07-06,1491.65
2022-07-07,1498.7
2022-07-08,1514.45
2022-07-11,1473.15
2022-07-12,1438.6
2022-07-13,1444.45
2022-07-14,1428.85
2022-07-15,1430.35
2022-07-18,1489.9
2022-07-19,1484.15
2022-07-20,1515.3
2022-07-21,1532.9
2022-07-22,1506.3
2022-07-25,1503.6
2022-07-26,1451.15
2022-07-27,1471.05
2022-07-28,1517.4
2022-07-29,1549.7
2022-08-01,1551.05
2022-08-02,1543.6
2022-08-03,1566.1
2022-08-04,1599.9
2022-08-05,1616.65
2022-08-08,1619.4
2022-08-10,1602.45
2022-08-11,1619.95
2022-08-12,1594.1
2022-08-16,1596.45
2022-08-17,1606.25
2022-08-18,1582.95
2022-08-19,1597.1
2022-08-22,1575.65
2022-08-23,1542.4
2022-08-24,1537.5
2022-08-25,1518.15
2022-08-26,1521.55
2022-08-29,1461.75
2022-08-30,1492.95
2022-09-01,1464.2
2022-09-02,1453.0
2022-09-05,1461.3
2022-09-06,1455.1
2022-09-07,1457.65
2022-09-08,1475.9
2022-09-09,1511.65
2022-09-12,1536.2
2022-09-13,1544.95
2022-09-14,1475.4
2022-09-15,1432.8
2022-09-16,1377.05
2022-09-19,1390.3
2022-09-20,1388.55
2022-09-21,1377.25
2022-09-22,1367.95
2022-09-23,1365.45
2022-09-26,1380.25
2022-09-27,1393.55
2022-09-28,1394.7
2022-09-29,1398.65
2022-09-30,1413.45
2022-10-03,1393.75
2022-10-04,1429.4
2022-10-06,1455.15
2022-10-07,1451.2
2022-10-10,1462.65
2022-10-11,1423.8
2022-10-12,1428.7
2022-10-13,1419.9
2022-10-14,1474.25
2022-10-17,1489.95
2022-10-18,1503.7
2022-10-19,1485.45
2022-10-20,1500.9
2022-10-21,1500.5
2022-10-24,1517.85
2022-10-25,1526.3
2022-10-27,1523.95
2022-10-28,1513.25
2022-10-31,1537.65
2022-11-01,1573.0
2022-11-02,1553.3
2022-11-03,1530.75
2022-11-04,1514.0
2022-11-07,1507.45
2022-11-09,1511.2
2022-11-10,1501.95
2022-11-11,1570.1
2022-11-14,1585.3
2022-11-15,1594.0
2022-11-16,1602.8
2022-11-17,1587.4
2022-11-18,1593.4
2022-11-21,1568.2
2022-11-22,1585.05
2022-11-23,1583.15
2022-11-24,1629.8
2022-11-25,1635.65
2022-11-28,1623.4
2022-11-29,1629.05
2022-11-30,1634.95
2022-12-01,1657.1
2022-12-02,1637.9
2022-12-05,1639.75
2022-12-06,1612.9
2022-12-07,1605.5
2022-12-08,1620.15
2022-12-09,1569.3
2022-12-12,1547.2
2022-12-13,1572.15
2022-12-14,1579.4
2022-12-15,1540.5
2022-12-16,1522.2
2022-12-19,1507.35
2022-12-20,1507.3
2022-12-21,1509.55
2022-12-22,1522.05
2022-12-23,1497.1
2022-12-26,1502.4
2022-12-27,1514.85
2022-12-28,1510.15
2022-12-29,1517.55
2022-12-30,1508.2
2023-01-02,1524.0
2023-01-03,1522.55
2023-01-04,1494.8
2023-01-05,1475.2
2023-01-06,1448.5
2023-01-09,1484.45
2023-01-10,1469.75
2023-01-11,1471.25
2023-01-12,1480.6
2023-01-13,1503.65
2023-01-16,1525.5
2023-01-17,1539.5
2023-01-18,1545.4
2023-01-19,1538.9
2023-01-20,1525.55
2023-01-23,1548.0
2023-01-24,1551.9
2023-01-25,1543.0
2023-01-27,1519.15
2023-01-30,1538.8
2023-01-31,1533.75
2023-02-01,1551.1
2023-02-02,1583.75
2023-02-03,1599.4
2023-02-06,1569.85
2023-02-07,1562.4
2023-02-08,1590.5
2023-02-09,1617.0
2023-02-10,1608.55
2023-02-13,1567.45
2023-02-14,1593.25
2023-02-15,1597.05
2023-02-16,1601.8
2023-02-17,1583.8
2023-02-20,1592.45
2023-02-21,1579.5
2023-02-22,1561.8
2023-02-23,1550.7
2023-02-24,1550.65
2023-02-27,1509.3
2023-02-28,1487.55
2023-03-01,1496.05
2023-03-02,1472.15
2023-03-03,1479.3
2023-03-06,1507.45
2023-03-08,1492.7
2023-03-09,1480.4
